Embedding_Type,mean,std
skip,0.8146774218286973,0.005410359769855766
No,0.8074524879739526,0.009205686082557415
cbow,0.8058135942942839,0.004198980683403641
