Model,mean,min,max,std
harem-ft,0.8115783139970687,0.8081287044876722,0.8150279235064654,0.004878484553079872
harem,0.809380652297659,0.794142980189442,0.8243606998653605,0.007314480959155633
