Training_ID,Model,Representation,Embedding,Embedding_Type,Training_Number,Execution_Number,Best_Epoch,Training_Epochs,Training_Duration,Total_Duration(s),Average_Epoch_Duration(s),Training_Accuracy,Training_Accuracy_Top-3,Training_Precision,Training_Recall,Training_F1-Measure,Training_Loss,Best_Validation_Accuracy,Best_Validation_Accuracy_Top-3,Best_Validation_Precision,Best_Validation_Recall,Best_Validation_F1-Measure,Best_Validation_Loss,Test_Accuracy,Test_Accuracy_Top-3,Test_Precision,Test_Recall,Test_F1_Measure,Test_Loss
datalawyer-ft_ELMo+GloVe_0,datalawyer-ft,ELMo+GloVe,,,,0,23,48,3:55:45.173863,14145.0,294.6875,0.9989294273652964,0.9989689655591917,0.9891754951635191,0.9887200736648251,0.9889477319824506,1.0375048794419335,0.9923490633954913,0.9925749213026355,0.9369323915237134,0.9464831804281345,0.9416835699796661,17.482031490491785,0.9918010752688172,0.99192054958184,0.9308878256246678,0.9284199363732768,0.9296522431642719,19.87847324039625
datalawyer-ft_ELMo+GloVe_1,datalawyer-ft,ELMo+GloVe,,,,1,46,50,4:06:22.970549,14782.0,295.64,0.9989081375685835,0.9989294273652964,0.988839028880451,0.9891804788213628,0.9890097243799489,1.1595030122040815,0.9928007792097796,0.9930548693553168,0.9396245560629122,0.9439347604485219,0.9417747266717018,19.320776566215184,0.9930704898446834,0.9934438470728794,0.9376996805111821,0.9337221633085896,0.9357066950052636,20.08354787826538
datalawyer-ft_ELMo+Word2Vec-jur_0,datalawyer-ft,ELMo+Word2Vec-jur,,,,0,12,37,3:03:51.427517,11031.0,298.13513513513516,0.9987499847930024,0.998792564386428,0.9867663981588032,0.9869935543278084,0.9868799631717764,1.3510214991302503,0.9933795400968366,0.9936759785999633,0.9402834008097166,0.9469928644240571,0.9436262061959887,14.378432970461638,0.9921744324970131,0.9924283154121863,0.9291044776119403,0.9241781548250265,0.9266347687399819,17.243205020738685
datalawyer-ft_ELMo+Word2Vec-jur_1,datalawyer-ft,ELMo+Word2Vec-jur,,,,1,34,50,4:08:07.921361,14887.0,297.74,0.9990419591479215,0.9990571661455735,0.99,0.9913674033149171,0.9906832298136147,1.1295471447329528,0.9930266371169238,0.9932666111432645,0.9400406504065041,0.9429153924566769,0.9414758269719602,16.747035573876424,0.9916069295101553,0.9918309438470729,0.9337252805986104,0.9262990455991517,0.9299973383017867,21.752092946094017
