Tipo,Média,Desvio Padrão
FastText,0.812345,0.005017
GloVe,0.814403,0.005823
Nenhum,0.812689,0.005391
Wang2Vec,0.813924,0.006053
Word2Vec,0.811142,0.005433
